epoch,learning_rate,train_loss,val_loss,val_psnr,val_ssim,epoch_sec
1,0.0005,0.005067164636365756,0.001786553343048408,28.06721915001907,0.7026971955058529,62.96599569599999
2,0.0004946461621797824,0.0017275444711284602,0.0014145021980983162,29.031232656509,0.7346652557683884,63.583726686000034
3,0.00047881863712243716,0.0014868221525494165,0.001417504963908522,28.913447071321745,0.697241427933338,64.03818922799996
4,0.0004532091636218621,0.0013583812800024738,0.0012343527860052528,29.625833934104968,0.7643639073775746,63.785907459999976
5,0.00041893699855792023,0.0012773313090017363,0.0011861745733767748,29.87324658688526,0.7831229341427869,63.131006817999946
6,0.00037749999999999996,0.0012039906312046307,0.00118161316384517,29.72971762296679,0.7662544653531568,63.160599941999976
7,0.0003307091636218621,0.0011760072295452242,0.0011509676064763751,30.07525735826699,0.7818250318684067,63.249503430000004
8,0.0002806094735005751,0.00113672294650039,0.0010522074986337906,30.27083485236565,0.7820620061726594,64.04233663299999
9,0.00022939052649942492,0.0011168181385547548,0.0010345520861890344,30.314704906552365,0.7852359358139493,64.11525343599999
10,0.0001792908363781379,0.0010915284669183256,0.0010746516764075275,30.331273699199283,0.776658750255431,63.9988821610001
11,0.00013250000000000005,0.0010799171982192191,0.0010030250076115842,30.4956191657893,0.80452036841121,63.47377055300012
12,9.10630014420798e-05,0.0010618396483933036,0.0010027146354938546,30.475389142237777,0.7820127196346984,63.113217464999934
13,5.679083637813789e-05,0.0010539732613217305,0.00100657365595301,30.446518440684013,0.7835709642464183,63.1070872759999
14,3.118136287756276e-05,0.0010447832612915575,0.0009844048613948482,30.582758662348173,0.8078585111408163,63.94856990299991
15,1.535383782021761e-05,0.0010400072436685822,0.0009917801822580043,30.586660129745074,0.8094505898822463,64.22874252199995
